Workbook
Name Bank: Table1[List of Banks]

Sheet Attendance Sheet
B3: Staff Number | C3: Staff Name (Surname First) | D3: Date of Employment | E3: Job Title | F3: Staff Category | G3: Location | H3: Company (Subsidiary) | I3: =I4 -> 45737 | M3: =M4 -> 45740 | Q3: =Q4 -> 45741 | U3: =U4 -> 45742 | Y3: =Y4 -> 45743 | AC3: =AC4 -> 45744 | AG3: =AG4 -> 45747 | AK3: =AK4 -> 45748 | AO3: =AO4 -> 45749 | AS3: =AS4 -> 45750 | AW3: =AW4 -> 45751 | BA3: =BA4 -> 45754 | BE3: =BE4 -> 45755 | BI3: =BI4 -> 45756 | BM3: =BM4 -> 45757 | BQ3: =BQ4 -> 45758 | BU3: =BU4 -> 45761 | BY3: =BY4 -> 45762 | CC3: =CC4 -> 45763 | CG3: =CG4 -> 45764 | CK3: =CK4 -> 45765 | CX3: =CX$4 -> 45738 | CZ3: =CZ$4 -> 45739 | DB3: =DB$4 -> 45745 | DD3: =DD$4 -> 45746 | DF3: =DF$4 -> 45752 | DH3: =DH$4 -> 45753 | DJ3: =DJ$4 -> 45759 | DL3: =DL$4 -> 45760 | DN3: Sat | DP3: Sun | DS3: =DS$4 -> 45747 | DU3: =DU$4 -> 45748 | DW3: =DW$4 -> 45765 | DY3: =DY$4 -> 45767 | EA3: =EA$4 -> 0 | EC3: =EC$4 -> 0 | EE3: =EE$4 -> 0 | EG3: =EG$4 -> 0 | EZ3: Weekday Overtime | FB3: Weekend Overtime | FD3: Public Holiday Overtime | FG3: Work Days | FJ3: Transportation Allowance | FM3: Overtime Pay | FR3: Deductibles | FV3: Employee Approved Pay
I4: 45737 | M4: =I4+3 -> 45740 | Q4: =M$4+1 -> 45741 | U4: =Q$4+1 -> 45742 | Y4: =U4+1 -> 45743 | AC4: =Y$4+1 -> 45744 | AG4: =AC4+3 -> 45747 | AK4: =AG$4+1 -> 45748 | AO4: =AK$4+1 -> 45749 | AS4: =AO4+1 -> 45750 | AW4: =AS$4+1 -> 45751 | BA4: =AW4+3 -> 45754 | BE4: =BA$4+1 -> 45755 | BI4: =BE$4+1 -> 45756 | BM4: =BI4+1 -> 45757 | BQ4: =BM$4+1 -> 45758 | BU4: =BQ4+3 -> 45761 | BY4: =BU$4+1 -> 45762 | CC4: =BY$4+1 -> 45763 | CG4: =CC4+1 -> 45764 | CK4: =CG4+1 -> 45765 | CX4: 45738 | CZ4: 45739 | DB4: =CZ$4+6 -> 45745 | DD4: =DB$4+1 -> 45746 | DF4: =DD$4+6 -> 45752 | DH4: =DF$4+1 -> 45753 | DJ4: =DH$4+6 -> 45759 | DL4: =DJ$4+1 -> 45760 | DN4: =DL4+6 -> 45766 | DP4: =DN4+1 -> 45767 | DS4: 45747 | DU4: 45748 | DW4: 45765 | DY4: 45767 | EJ4: Present | EK4: Sick Leave | EL4: Casual Leave | EM4: Compassionate Leave | EN4: Study Leave | EO4: Maternity Leave | EP4: Public Holiday | EQ4: Work From Home | ER4: Leave Without Pay | ES4: Absent | ET4: Absond | EU4: Suspension | EV4: Resigned | EW4: Work Off | EX4: Transferred | EZ4: Days | FA4: Hours | FB4: Days | FC4: Hours | FD4: Days | FE4: Hours | FG4: Days | FH4: Hours | FJ4: Days | FK4: Amount | FM4: Weekday Overtime | FN4: Weekend Overtime | FO4: Public Holiday Overtime | FP4: Total Overtime Amount | FR4: Union Dues | FS4: Absence Off-Work | FT4: Absence Off-Work | FV4: Gross Pay | FW4: Basic Pay (30% of Gross)
I5: Wk_Dy Status | J5: Wk_Dy Hours | K5: OT Status | L5: OT Hours | M5: Wk_Dy Status | N5: Wk_Dy Hours | O5: OT Status | P5: OT Hours | Q5: Wk_Dy Status | R5: Wk_Dy Hours | S5: OT Status | T5: OT Hours | U5: Wk_Dy Status | V5: Wk_Dy Hours | W5: OT Status | X5: OT Hours | Y5: Wk_Dy Status | Z5: Wk_Dy Hours | AA5: OT Status | AB5: OT Hours | AC5: Wk_Dy Status | AD5: Wk_Dy Hours | AE5: OT Status | AF5: OT Hours | AG5: Wk_Dy Status | AH5: Wk_Dy Hours | AI5: OT Status | AJ5: OT Hours | AK5: Wk_Dy Status | AL5: Wk_Dy Hours | AM5: OT Status | AN5: OT Hours | AO5: Wk_Dy Status | AP5: Wk_Dy Hours | AQ5: OT Status | AR5: OT Hours | AS5: Wk_Dy Status | AT5: Wk_Dy Hours | AU5: OT Status | AV5: OT Hours | AW5: Wk_Dy Status | AX5: Wk_Dy Hours | AY5: OT Status | AZ5: OT Hours | BA5: Wk_Dy Status | BB5: Wk_Dy Hours | BC5: OT Status | BD5: OT Hours | BE5: Wk_Dy Status | BF5: Wk_Dy Hours | BG5: OT Status | BH5: OT Hours | BI5: Wk_Dy Status | BJ5: Wk_Dy Hours | BK5: OT Status | BL5: OT Hours | BM5: Wk_Dy Status | BN5: Wk_Dy Hours | BO5: OT Status | BP5: OT Hours | BQ5: Wk_Dy Status | BR5: Wk_Dy Hours | BS5: OT Status | BT5: OT Hours | BU5: Wk_Dy Status | BV5: Wk_Dy Hours | BW5: OT Status | BX5: OT Hours | BY5: Wk_Dy Status | BZ5: Wk_Dy Hours | CA5: OT Status | CB5: OT Hours | CC5: Wk_Dy Status | CD5: Wk_Dy Hours | CE5: OT Status | CF5: OT Hours | CG5: Wk_Dy Status | CH5: Wk_Dy Hours | CI5: OT Status | CJ5: OT Hours | CK5: Wk_Dy Status | CL5: Wk_Dy Hours | CM5: OT Status | CN5: OT Hours | CO5: Wk_Dy Status | CP5: Wk_Dy Hours | CQ5: OT Status | CR5: OT Hours | CS5: Wk_Dy Status | CT5: Wk_Dy Hours | CU5: OT Status | CV5: OT Hours | CX5: WOT Status | CY5: WOT Hours | CZ5: WOT Status | DA5: WOT Hours | DB5: WOT Status | DC5: WOT Hours | DD5: WOT Status | DE5: WOT Hours | DF5: WOT Status | DG5: WOT Hours | DH5: WOT Status | DI5: WOT Hours | DJ5: WOT Status | DK5: WOT Hours | DL5: WOT Status | DM5: WOT Hours | DN5: WOT Status | DO5: WOT Hours | DP5: WOT Status | DQ5: WOT Hours | DS5: PH Status | DT5: PH Hours | DU5: PH Status | DV5: PH Hours | DW5: PH Status | DX5: PH Hours | DY5: PH Status | DZ5: PH Hours | EA5: PH Status | EB5: PH Hours | EC5: PH Status | ED5: PH Hours | EE5: PH Status | EF5: PH Hours | EG5: PH Status | EH5: PH Hours | EJ5: P | EK5: SL | EL5: CL | EM5: CML | EN5: STL | EO5: ML | EP5: PH | EQ5: WFH | ER5: LWP | ES5: A | ET5: AB | EU5: SUS | EV5: R | EW5: WO | EX5: T | EZ5: OT | FA5: OT_Hrs | FB5: WOT | FC5: WOT_Hrs | FD5: PH | FE5: PH_Hrs | FG5: P,SL,CL,CML,STL,ML,PH,WFH | FH5: P,SL,CL,CML,STL,ML,PH,WFH | FJ5: P + WOT + PH | FK5: Senior Staff Junior Staff Intern | FM5: OT Amount (Rate @ 1.3) | FN5: WOT Amount (Rate @ 1.56) | FO5: PH Amount (Rate @ 2) | FR5: Senior Staff Junior Staff | FS5: A + AB + SUS + R + LWP (Days) | FT5: Amount
EJ6: =COUNTIF($I6:$CV6,EJ$5) -> 0 | EK6: =COUNTIF($I6:$CV6,EK$5) -> 0 | EL6: =COUNTIF($I6:$CV6,EL$5) -> 0 | EM6: =COUNTIF($I6:$CV6,EM$5) -> 0 | EN6: =COUNTIF($I6:$CV6,EN$5) -> 0 | EO6: =COUNTIF($I6:$CV6,EO$5) -> 0 | EP6: =COUNTIF($I6:$CV6,EP$5) -> 0 | EQ6: =COUNTIF($I6:$CV6,EQ$5) -> 0 | ... EX6: =COUNTIF($I6:$CV6,EX$5) -> 0 | EZ6: =COUNTIF($I6:$CV6,EZ$5) -> 0 | FA6: =SUM(L6,P6,T6,X6,AB6,AF6,AJ6,AN6,AR6,AV6,AZ6,BD6,BH6,BL6,BP6,BT6,BX6,CB6,CF6,CJ6,CN6,CR6,CV6) -> 0 | FB6: =COUNTIF($CX6:$DQ6,$FB$5) -> 0 | FC6: =SUM(CY6,DA6,DC6,DE6,DG6,DI6,DK6,DM6,DO6,DQ6) -> 0 | FD6: =COUNTIF($DS6:$EH6,$FD$5) -> 0 | FE6: =SUM(DT6,DV6,DX6,DZ6,EB6,ED6,EF6,EH6) -> 0 | FG6: =SUM($EJ6:$EQ6) -> 0 | FH6: =SUM(J6,N6,R6,V6,Z6,AD6,AH6,AL6,AP6,AT6,AX6,BB6,BF6,BJ6,BN6,BR6,BV6,BZ6,CD6,CH6,CL6,CP6,CT6) -> 0 | FJ6: =SUM($EJ6+$FB6+$FD6) -> 0 | FK6: {=IFERROR(_xlfn.IFS($F6="Senior Staff",$FJ6*1250,$F6="Junior Staff",$FJ6*1000,$F6="Intern",0), "")} | FM6: =($FW6*12*1.3*$FA6)/2080 -> 0 | FN6: =($FW6*12*1.56*$FC6)/2080 -> 0 | FO6: =($FW6*12*2*$FE6)/2080 -> 0 | FP6: =IFERROR(SUM($FM6:$FO6),"") -> 0 | FR6: {=IFERROR(_xlfn.IFS($F6="Senior Staff",3040,$F6="Junior Staff",1500,$F6="Temporary Staff",0,$F6="Intern",0),"")} | FS6: =SUM(ER6:$EV6) -> 0 | FT6: =SUM($FS6/26*($FV6)) -> 0 | FW6: =IFERROR(30%*$FV6,"") -> 0
EJ7: =COUNTIF($I7:$CV7,EJ$5) -> 0 | EK7: =COUNTIF($I7:$CV7,EK$5) -> 0 | EL7: =COUNTIF($I7:$CV7,EL$5) -> 0 | EM7: =COUNTIF($I7:$CV7,EM$5) -> 0 | EN7: =COUNTIF($I7:$CV7,EN$5) -> 0 | EO7: =COUNTIF($I7:$CV7,EO$5) -> 0 | EP7: =COUNTIF($I7:$CV7,EP$5) -> 0 | EQ7: =COUNTIF($I7:$CV7,EQ$5) -> 0 | ... EX7: =COUNTIF($I7:$CV7,EX$5) -> 0 | EZ7: =COUNTIF($I7:$CV7,EZ$5) -> 0 | FA7: =SUM(L7,P7,T7,X7,AB7,AF7,AJ7,AN7,AR7,AV7,AZ7,BD7,BH7,BL7,BP7,BT7,BX7,CB7,CF7,CJ7,CN7,CR7,CV7) -> 0 | FB7: =COUNTIF($CX7:$DQ7,$FB$5) -> 0 | FC7: =SUM(CY7,DA7,DC7,DE7,DG7,DI7,DK7,DM7,DO7,DQ7) -> 0 | FD7: =COUNTIF($DS7:$EH7,$FD$5) -> 0 | FE7: =SUM(DT7,DV7,DX7,DZ7,EB7,ED7,EF7,EH7) -> 0 | FG7: =SUM($EJ7:$EQ7) -> 0 | FH7: =SUM(J7,N7,R7,V7,Z7,AD7,AH7,AL7,AP7,AT7,AX7,BB7,BF7,BJ7,BN7,BR7,BV7,BZ7,CD7,CH7,CL7,CP7,CT7) -> 0 | FJ7: =SUM($EJ7+$FB7+$FD7) -> 0 | FK7: {=IFERROR(_xlfn.IFS($F7="Senior Staff",$FJ7*1250,$F7="Junior Staff",$FJ7*1000,$F7="Intern",0), "")} | FM7: =($FW7*12*1.3*$FA7)/2080 -> 0 | FN7: =($FW7*12*1.56*$FC7)/2080 -> 0 | FO7: =($FW7*12*2*$FE7)/2080 -> 0 | FP7: =IFERROR(SUM($FM7:$FO7),"") -> 0 | FR7: {=IFERROR(_xlfn.IFS($F7="Senior Staff",3040,$F7="Junior Staff",1500,$F7="Intern",0),"")} | FS7: =SUM(ER7:$EV7) -> 0 | FT7: =SUM($FS7/26*($FV7)) -> 0 | FW7: =IFERROR(30%*$FV7,"") -> 0
EJ8: =COUNTIF($I8:$CV8,EJ$5) -> 0 | EK8: =COUNTIF($I8:$CV8,EK$5) -> 0 | EL8: =COUNTIF($I8:$CV8,EL$5) -> 0 | EM8: =COUNTIF($I8:$CV8,EM$5) -> 0 | EN8: =COUNTIF($I8:$CV8,EN$5) -> 0 | EO8: =COUNTIF($I8:$CV8,EO$5) -> 0 | EP8: =COUNTIF($I8:$CV8,EP$5) -> 0 | EQ8: =COUNTIF($I8:$CV8,EQ$5) -> 0 | ... EX8: =COUNTIF($I8:$CV8,EX$5) -> 0 | EZ8: =COUNTIF($I8:$CV8,EZ$5) -> 0 | FA8: =SUM(L8,P8,T8,X8,AB8,AF8,AJ8,AN8,AR8,AV8,AZ8,BD8,BH8,BL8,BP8,BT8,BX8,CB8,CF8,CJ8,CN8,CR8,CV8) -> 0 | FB8: =COUNTIF($CX8:$DQ8,$FB$5) -> 0 | FC8: =SUM(CY8,DA8,DC8,DE8,DG8,DI8,DK8,DM8,DO8,DQ8) -> 0 | FD8: =COUNTIF($DS8:$EH8,$FD$5) -> 0 | FE8: =SUM(DT8,DV8,DX8,DZ8,EB8,ED8,EF8,EH8) -> 0 | FG8: =SUM($EJ8:$EQ8) -> 0 | FH8: =SUM(J8,N8,R8,V8,Z8,AD8,AH8,AL8,AP8,AT8,AX8,BB8,BF8,BJ8,BN8,BR8,BV8,BZ8,CD8,CH8,CL8,CP8,CT8) -> 0 | FJ8: =SUM($EJ8+$FB8+$FD8) -> 0 | FK8: {=IFERROR(_xlfn.IFS($F8="Senior Staff",$FJ8*1250,$F8="Junior Staff",$FJ8*1000,$F8="Intern",0), "")} | FM8: =($FW8*12*1.3*$FA8)/2080 -> 0 | FN8: =($FW8*12*1.56*$FC8)/2080 -> 0 | FO8: =($FW8*12*2*$FE8)/2080 -> 0 | FP8: =IFERROR(SUM($FM8:$FO8),"") -> 0 | FR8: {=IFERROR(_xlfn.IFS($F8="Senior Staff",3040,$F8="Junior Staff",1500,$F8="Intern",0),"")} | FS8: =SUM(ER8:$EV8) -> 0 | FT8: =SUM($FS8/26*($FV8)) -> 0 | FW8: =IFERROR(30%*$FV8,"") -> 0
EJ9: =COUNTIF($I9:$CV9,EJ$5) -> 0 | EK9: =COUNTIF($I9:$CV9,EK$5) -> 0 | EL9: =COUNTIF($I9:$CV9,EL$5) -> 0 | EM9: =COUNTIF($I9:$CV9,EM$5) -> 0 | EN9: =COUNTIF($I9:$CV9,EN$5) -> 0 | EO9: =COUNTIF($I9:$CV9,EO$5) -> 0 | EP9: =COUNTIF($I9:$CV9,EP$5) -> 0 | EQ9: =COUNTIF($I9:$CV9,EQ$5) -> 0 | ... EX9: =COUNTIF($I9:$CV9,EX$5) -> 0 | EZ9: =COUNTIF($I9:$CV9,EZ$5) -> 0 | FA9: =SUM(L9,P9,T9,X9,AB9,AF9,AJ9,AN9,AR9,AV9,AZ9,BD9,BH9,BL9,BP9,BT9,BX9,CB9,CF9,CJ9,CN9,CR9,CV9) -> 0 | FB9: =COUNTIF($CX9:$DQ9,$FB$5) -> 0 | FC9: =SUM(CY9,DA9,DC9,DE9,DG9,DI9,DK9,DM9,DO9,DQ9) -> 0 | FD9: =COUNTIF($DS9:$EH9,$FD$5) -> 0 | FE9: =SUM(DT9,DV9,DX9,DZ9,EB9,ED9,EF9,EH9) -> 0 | FG9: =SUM($EJ9:$EQ9) -> 0 | FH9: =SUM(J9,N9,R9,V9,Z9,AD9,AH9,AL9,AP9,AT9,AX9,BB9,BF9,BJ9,BN9,BR9,BV9,BZ9,CD9,CH9,CL9,CP9,CT9) -> 0 | FJ9: =SUM($EJ9+$FB9+$FD9) -> 0 | FK9: {=IFERROR(_xlfn.IFS($F9="Senior Staff",$FJ9*1250,$F9="Junior Staff",$FJ9*1000,$F9="Intern",0), "")} | FM9: =($FW9*12*1.3*$FA9)/2080 -> 0 | FN9: =($FW9*12*1.56*$FC9)/2080 -> 0 | FO9: =($FW9*12*2*$FE9)/2080 -> 0 | FP9: =IFERROR(SUM($FM9:$FO9),"") -> 0 | FR9: {=IFERROR(_xlfn.IFS($F9="Senior Staff",3040,$F9="Junior Staff",1500,$F9="Intern",0),"")} | FS9: =SUM(ER9:$EV9) -> 0 | FT9: =SUM($FS9/26*($FV9)) -> 0 | FW9: =IFERROR(30%*$FV9,"") -> 0
EJ10: =COUNTIF($I10:$CV10,EJ$5) -> 0 | EK10: =COUNTIF($I10:$CV10,EK$5) -> 0 | EL10: =COUNTIF($I10:$CV10,EL$5) -> 0 | EM10: =COUNTIF($I10:$CV10,EM$5) -> 0 | EN10: =COUNTIF($I10:$CV10,EN$5) -> 0 | EO10: =COUNTIF($I10:$CV10,EO$5) -> 0 | EP10: =COUNTIF($I10:$CV10,EP$5) -> 0 | EQ10: =COUNTIF($I10:$CV10,EQ$5) -> 0 | ... EX10: =COUNTIF($I10:$CV10,EX$5) -> 0 | EZ10: =COUNTIF($I10:$CV10,EZ$5) -> 0 | FA10: =SUM(L10,P10,T10,X10,AB10,AF10,AJ10,AN10,AR10,AV10,AZ10,BD10,BH10,BL10,BP10,BT10,BX10,CB10,CF10,CJ10,CN10,CR10,CV10) -> 0 | FB10: =COUNTIF($CX10:$DQ10,$FB$5) -> 0 | FC10: =SUM(CY10,DA10,DC10,DE10,DG10,DI10,DK10,DM10,DO10,DQ10) -> 0 | FD10: =COUNTIF($DS10:$EH10,$FD$5) -> 0 | FE10: =SUM(DT10,DV10,DX10,DZ10,EB10,ED10,EF10,EH10) -> 0 | FG10: =SUM($EJ10:$EQ10) -> 0 | FH10: =SUM(J10,N10,R10,V10,Z10,AD10,AH10,AL10,AP10,AT10,AX10,BB10,BF10,BJ10,BN10,BR10,BV10,BZ10,CD10,CH10,CL10,CP10,CT10) -> 0 | FJ10: =SUM($EJ10+$FB10+$FD10) -> 0 | FK10: {=IFERROR(_xlfn.IFS($F10="Senior Staff",$FJ10*1250,$F10="Junior Staff",$FJ10*1000,$F10="Intern",0), "")} | FM10: =($FW10*12*1.3*$FA10)/2080 -> 0 | FN10: =($FW10*12*1.56*$FC10)/2080 -> 0 | FO10: =($FW10*12*2*$FE10)/2080 -> 0 | FP10: =IFERROR(SUM($FM10:$FO10),"") -> 0 | FR10: {=IFERROR(_xlfn.IFS($F10="Senior Staff",3040,$F10="Junior Staff",1500,$F10="Intern",0),"")} | FS10: =SUM(ER10:$EV10) -> 0 | FT10: =SUM($FS10/26*($FV10)) -> 0 | FW10: =IFERROR(30%*$FV10,"") -> 0
EJ11: =COUNTIF($I11:$CV11,EJ$5) -> 0 | EK11: =COUNTIF($I11:$CV11,EK$5) -> 0 | EL11: =COUNTIF($I11:$CV11,EL$5) -> 0 | EM11: =COUNTIF($I11:$CV11,EM$5) -> 0 | EN11: =COUNTIF($I11:$CV11,EN$5) -> 0 | EO11: =COUNTIF($I11:$CV11,EO$5) -> 0 | EP11: =COUNTIF($I11:$CV11,EP$5) -> 0 | EQ11: =COUNTIF($I11:$CV11,EQ$5) -> 0 | ... EX11: =COUNTIF($I11:$CV11,EX$5) -> 0 | EZ11: =COUNTIF($I11:$CV11,EZ$5) -> 0 | FA11: =SUM(L11,P11,T11,X11,AB11,AF11,AJ11,AN11,AR11,AV11,AZ11,BD11,BH11,BL11,BP11,BT11,BX11,CB11,CF11,CJ11,CN11,CR11,CV11) -> 0 | FB11: =COUNTIF($CX11:$DQ11,$FB$5) -> 0 | FC11: =SUM(CY11,DA11,DC11,DE11,DG11,DI11,DK11,DM11,DO11,DQ11) -> 0 | FD11: =COUNTIF($DS11:$EH11,$FD$5) -> 0 | FE11: =SUM(DT11,DV11,DX11,DZ11,EB11,ED11,EF11,EH11) -> 0 | FG11: =SUM($EJ11:$EQ11) -> 0 | FH11: =SUM(J11,N11,R11,V11,Z11,AD11,AH11,AL11,AP11,AT11,AX11,BB11,BF11,BJ11,BN11,BR11,BV11,BZ11,CD11,CH11,CL11,CP11,CT11) -> 0 | FJ11: =SUM($EJ11+$FB11+$FD11) -> 0 | FK11: {=IFERROR(_xlfn.IFS($F11="Senior Staff",$FJ11*1250,$F11="Junior Staff",$FJ11*1000,$F11="Intern",0), "")} | FM11: =($FW11*12*1.3*$FA11)/2080 -> 0 | FN11: =($FW11*12*1.56*$FC11)/2080 -> 0 | FO11: =($FW11*12*2*$FE11)/2080 -> 0 | FP11: =IFERROR(SUM($FM11:$FO11),"") -> 0 | FR11: {=IFERROR(_xlfn.IFS($F11="Senior Staff",3040,$F11="Junior Staff",1500,$F11="Intern",0),"")} | FS11: =SUM(ER11:$EV11) -> 0 | FT11: =SUM($FS11/26*($FV11)) -> 0 | FW11: =IFERROR(30%*$FV11,"") -> 0
EJ12: =COUNTIF($I12:$CV12,EJ$5) -> 0 | EK12: =COUNTIF($I12:$CV12,EK$5) -> 0 | EL12: =COUNTIF($I12:$CV12,EL$5) -> 0 | EM12: =COUNTIF($I12:$CV12,EM$5) -> 0 | EN12: =COUNTIF($I12:$CV12,EN$5) -> 0 | EO12: =COUNTIF($I12:$CV12,EO$5) -> 0 | EP12: =COUNTIF($I12:$CV12,EP$5) -> 0 | EQ12: =COUNTIF($I12:$CV12,EQ$5) -> 0 | ... EX12: =COUNTIF($I12:$CV12,EX$5) -> 0 | EZ12: =COUNTIF($I12:$CV12,EZ$5) -> 0 | FA12: =SUM(L12,P12,T12,X12,AB12,AF12,AJ12,AN12,AR12,AV12,AZ12,BD12,BH12,BL12,BP12,BT12,BX12,CB12,CF12,CJ12,CN12,CR12,CV12) -> 0 | FB12: =COUNTIF($CX12:$DQ12,$FB$5) -> 0 | FC12: =SUM(CY12,DA12,DC12,DE12,DG12,DI12,DK12,DM12,DO12,DQ12) -> 0 | FD12: =COUNTIF($DS12:$EH12,$FD$5) -> 0 | FE12: =SUM(DT12,DV12,DX12,DZ12,EB12,ED12,EF12,EH12) -> 0 | FG12: =SUM($EJ12:$EQ12) -> 0 | FH12: =SUM(J12,N12,R12,V12,Z12,AD12,AH12,AL12,AP12,AT12,AX12,BB12,BF12,BJ12,BN12,BR12,BV12,BZ12,CD12,CH12,CL12,CP12,CT12) -> 0 | FJ12: =SUM($EJ12+$FB12+$FD12) -> 0 | FK12: {=IFERROR(_xlfn.IFS($F12="Senior Staff",$FJ12*1250,$F12="Junior Staff",$FJ12*1000,$F12="Intern",0), "")} | FM12: =($FW12*12*1.3*$FA12)/2080 -> 0 | FN12: =($FW12*12*1.56*$FC12)/2080 -> 0 | FO12: =($FW12*12*2*$FE12)/2080 -> 0 | FP12: =IFERROR(SUM($FM12:$FO12),"") -> 0 | FR12: {=IFERROR(_xlfn.IFS($F12="Senior Staff",3040,$F12="Junior Staff",1500,$F12="Intern",0),"")} | FS12: =SUM(ER12:$EV12) -> 0 | FT12: =SUM($FS12/26*($FV12)) -> 0 | FW12: =IFERROR(30%*$FV12,"") -> 0
EJ13: =COUNTIF($I13:$CV13,EJ$5) -> 0 | EK13: =COUNTIF($I13:$CV13,EK$5) -> 0 | EL13: =COUNTIF($I13:$CV13,EL$5) -> 0 | EM13: =COUNTIF($I13:$CV13,EM$5) -> 0 | EN13: =COUNTIF($I13:$CV13,EN$5) -> 0 | EO13: =COUNTIF($I13:$CV13,EO$5) -> 0 | EP13: =COUNTIF($I13:$CV13,EP$5) -> 0 | EQ13: =COUNTIF($I13:$CV13,EQ$5) -> 0 | ... EX13: =COUNTIF($I13:$CV13,EX$5) -> 0 | EZ13: =COUNTIF($I13:$CV13,EZ$5) -> 0 | FA13: =SUM(L13,P13,T13,X13,AB13,AF13,AJ13,AN13,AR13,AV13,AZ13,BD13,BH13,BL13,BP13,BT13,BX13,CB13,CF13,CJ13,CN13,CR13,CV13) -> 0 | FB13: =COUNTIF($CX13:$DQ13,$FB$5) -> 0 | FC13: =SUM(CY13,DA13,DC13,DE13,DG13,DI13,DK13,DM13,DO13,DQ13) -> 0 | FD13: =COUNTIF($DS13:$EH13,$FD$5) -> 0 | FE13: =SUM(DT13,DV13,DX13,DZ13,EB13,ED13,EF13,EH13) -> 0 | FG13: =SUM($EJ13:$EQ13) -> 0 | FH13: =SUM(J13,N13,R13,V13,Z13,AD13,AH13,AL13,AP13,AT13,AX13,BB13,BF13,BJ13,BN13,BR13,BV13,BZ13,CD13,CH13,CL13,CP13,CT13) -> 0 | FJ13: =SUM($EJ13+$FB13+$FD13) -> 0 | FK13: {=IFERROR(_xlfn.IFS($F13="Senior Staff",$FJ13*1250,$F13="Junior Staff",$FJ13*1000,$F13="Intern",0), "")} | FM13: =($FW13*12*1.3*$FA13)/2080 -> 0 | FN13: =($FW13*12*1.56*$FC13)/2080 -> 0 | FO13: =($FW13*12*2*$FE13)/2080 -> 0 | FP13: =IFERROR(SUM($FM13:$FO13),"") -> 0 | FR13: {=IFERROR(_xlfn.IFS($F13="Senior Staff",3040,$F13="Junior Staff",1500,$F13="Intern",0),"")} | FS13: =SUM(ER13:$EV13) -> 0 | FT13: =SUM($FS13/26*($FV13)) -> 0 | FW13: =IFERROR(30%*$FV13,"") -> 0
EJ14: =COUNTIF($I14:$CV14,EJ$5) -> 0 | EK14: =COUNTIF($I14:$CV14,EK$5) -> 0 | EL14: =COUNTIF($I14:$CV14,EL$5) -> 0 | EM14: =COUNTIF($I14:$CV14,EM$5) -> 0 | EN14: =COUNTIF($I14:$CV14,EN$5) -> 0 | EO14: =COUNTIF($I14:$CV14,EO$5) -> 0 | EP14: =COUNTIF($I14:$CV14,EP$5) -> 0 | EQ14: =COUNTIF($I14:$CV14,EQ$5) -> 0 | ... EX14: =COUNTIF($I14:$CV14,EX$5) -> 0 | EZ14: =COUNTIF($I14:$CV14,EZ$5) -> 0 | FA14: =SUM(L14,P14,T14,X14,AB14,AF14,AJ14,AN14,AR14,AV14,AZ14,BD14,BH14,BL14,BP14,BT14,BX14,CB14,CF14,CJ14,CN14,CR14,CV14) -> 0 | FB14: =COUNTIF($CX14:$DQ14,$FB$5) -> 0 | FC14: =SUM(CY14,DA14,DC14,DE14,DG14,DI14,DK14,DM14,DO14,DQ14) -> 0 | FD14: =COUNTIF($DS14:$EH14,$FD$5) -> 0 | FE14: =SUM(DT14,DV14,DX14,DZ14,EB14,ED14,EF14,EH14) -> 0 | FG14: =SUM($EJ14:$EQ14) -> 0 | FH14: =SUM(J14,N14,R14,V14,Z14,AD14,AH14,AL14,AP14,AT14,AX14,BB14,BF14,BJ14,BN14,BR14,BV14,BZ14,CD14,CH14,CL14,CP14,CT14) -> 0 | FJ14: =SUM($EJ14+$FB14+$FD14) -> 0 | FK14: {=IFERROR(_xlfn.IFS($F14="Senior Staff",$FJ14*1250,$F14="Junior Staff",$FJ14*1000,$F14="Intern",0), "")} | FM14: =($FW14*12*1.3*$FA14)/2080 -> 0 | FN14: =($FW14*12*1.56*$FC14)/2080 -> 0 | FO14: =($FW14*12*2*$FE14)/2080 -> 0 | FP14: =IFERROR(SUM($FM14:$FO14),"") -> 0 | FR14: {=IFERROR(_xlfn.IFS($F14="Senior Staff",3040,$F14="Junior Staff",1500,$F14="Intern",0),"")} | FS14: =SUM(ER14:$EV14) -> 0 | FT14: =SUM($FS14/26*($FV14)) -> 0 | FW14: =IFERROR(30%*$FV14,"") -> 0
EJ15: =COUNTIF($I15:$CV15,EJ$5) -> 0 | EK15: =COUNTIF($I15:$CV15,EK$5) -> 0 | EL15: =COUNTIF($I15:$CV15,EL$5) -> 0 | EM15: =COUNTIF($I15:$CV15,EM$5) -> 0 | EN15: =COUNTIF($I15:$CV15,EN$5) -> 0 | EO15: =COUNTIF($I15:$CV15,EO$5) -> 0 | EP15: =COUNTIF($I15:$CV15,EP$5) -> 0 | EQ15: =COUNTIF($I15:$CV15,EQ$5) -> 0 | ... EX15: =COUNTIF($I15:$CV15,EX$5) -> 0 | EZ15: =COUNTIF($I15:$CV15,EZ$5) -> 0 | FA15: =SUM(L15,P15,T15,X15,AB15,AF15,AJ15,AN15,AR15,AV15,AZ15,BD15,BH15,BL15,BP15,BT15,BX15,CB15,CF15,CJ15,CN15,CR15,CV15) -> 0 | FB15: =COUNTIF($CX15:$DQ15,$FB$5) -> 0 | FC15: =SUM(CY15,DA15,DC15,DE15,DG15,DI15,DK15,DM15,DO15,DQ15) -> 0 | FD15: =COUNTIF($DS15:$EH15,$FD$5) -> 0 | FE15: =SUM(DT15,DV15,DX15,DZ15,EB15,ED15,EF15,EH15) -> 0 | FG15: =SUM($EJ15:$EQ15) -> 0 | FH15: =SUM(J15,N15,R15,V15,Z15,AD15,AH15,AL15,AP15,AT15,AX15,BB15,BF15,BJ15,BN15,BR15,BV15,BZ15,CD15,CH15,CL15,CP15,CT15) -> 0 | FJ15: =SUM($EJ15+$FB15+$FD15) -> 0 | FK15: {=IFERROR(_xlfn.IFS($F15="Senior Staff",$FJ15*1250,$F15="Junior Staff",$FJ15*1000,$F15="Intern",0), "")} | FM15: =($FW15*12*1.3*$FA15)/2080 -> 0 | FN15: =($FW15*12*1.56*$FC15)/2080 -> 0 | FO15: =($FW15*12*2*$FE15)/2080 -> 0 | FP15: =IFERROR(SUM($FM15:$FO15),"") -> 0 | FR15: {=IFERROR(_xlfn.IFS($F15="Senior Staff",3040,$F15="Junior Staff",1500,$F15="Intern",0),"")} | FS15: =SUM(ER15:$EV15) -> 0 | FT15: =SUM($FS15/26*($FV15)) -> 0 | FW15: =IFERROR(30%*$FV15,"") -> 0
EJ16: =COUNTIF($I16:$CV16,EJ$5) -> 0 | EK16: =COUNTIF($I16:$CV16,EK$5) -> 0 | EL16: =COUNTIF($I16:$CV16,EL$5) -> 0 | EM16: =COUNTIF($I16:$CV16,EM$5) -> 0 | EN16: =COUNTIF($I16:$CV16,EN$5) -> 0 | EO16: =COUNTIF($I16:$CV16,EO$5) -> 0 | EP16: =COUNTIF($I16:$CV16,EP$5) -> 0 | EQ16: =COUNTIF($I16:$CV16,EQ$5) -> 0 | ... EX16: =COUNTIF($I16:$CV16,EX$5) -> 0 | EZ16: =COUNTIF($I16:$CV16,EZ$5) -> 0 | FA16: =SUM(L16,P16,T16,X16,AB16,AF16,AJ16,AN16,AR16,AV16,AZ16,BD16,BH16,BL16,BP16,BT16,BX16,CB16,CF16,CJ16,CN16,CR16,CV16) -> 0 | FB16: =COUNTIF($CX16:$DQ16,$FB$5) -> 0 | FC16: =SUM(CY16,DA16,DC16,DE16,DG16,DI16,DK16,DM16,DO16,DQ16) -> 0 | FD16: =COUNTIF($DS16:$EH16,$FD$5) -> 0 | FE16: =SUM(DT16,DV16,DX16,DZ16,EB16,ED16,EF16,EH16) -> 0 | FG16: =SUM($EJ16:$EQ16) -> 0 | FH16: =SUM(J16,N16,R16,V16,Z16,AD16,AH16,AL16,AP16,AT16,AX16,BB16,BF16,BJ16,BN16,BR16,BV16,BZ16,CD16,CH16,CL16,CP16,CT16) -> 0 | FJ16: =SUM($EJ16+$FB16+$FD16) -> 0 | FK16: {=IFERROR(_xlfn.IFS($F16="Senior Staff",$FJ16*1250,$F16="Junior Staff",$FJ16*1000,$F16="Intern",0), "")} | FM16: =($FW16*12*1.3*$FA16)/2080 -> 0 | FN16: =($FW16*12*1.56*$FC16)/2080 -> 0 | FO16: =($FW16*12*2*$FE16)/2080 -> 0 | FP16: =IFERROR(SUM($FM16:$FO16),"") -> 0 | FR16: {=IFERROR(_xlfn.IFS($F16="Senior Staff",3040,$F16="Junior Staff",1500,$F16="Intern",0),"")} | FS16: =SUM(ER16:$EV16) -> 0 | FT16: =SUM($FS16/26*($FV16)) -> 0 | FW16: =IFERROR(30%*$FV16,"") -> 0
EJ17: =COUNTIF($I17:$CV17,EJ$5) -> 0 | EK17: =COUNTIF($I17:$CV17,EK$5) -> 0 | EL17: =COUNTIF($I17:$CV17,EL$5) -> 0 | EM17: =COUNTIF($I17:$CV17,EM$5) -> 0 | EN17: =COUNTIF($I17:$CV17,EN$5) -> 0 | EO17: =COUNTIF($I17:$CV17,EO$5) -> 0 | EP17: =COUNTIF($I17:$CV17,EP$5) -> 0 | EQ17: =COUNTIF($I17:$CV17,EQ$5) -> 0 | ... EX17: =COUNTIF($I17:$CV17,EX$5) -> 0 | EZ17: =COUNTIF($I17:$CV17,EZ$5) -> 0 | FA17: =SUM(L17,P17,T17,X17,AB17,AF17,AJ17,AN17,AR17,AV17,AZ17,BD17,BH17,BL17,BP17,BT17,BX17,CB17,CF17,CJ17,CN17,CR17,CV17) -> 0 | FB17: =COUNTIF($CX17:$DQ17,$FB$5) -> 0 | FC17: =SUM(CY17,DA17,DC17,DE17,DG17,DI17,DK17,DM17,DO17,DQ17) -> 0 | FD17: =COUNTIF($DS17:$EH17,$FD$5) -> 0 | FE17: =SUM(DT17,DV17,DX17,DZ17,EB17,ED17,EF17,EH17) -> 0 | FG17: =SUM($EJ17:$EQ17) -> 0 | FH17: =SUM(J17,N17,R17,V17,Z17,AD17,AH17,AL17,AP17,AT17,AX17,BB17,BF17,BJ17,BN17,BR17,BV17,BZ17,CD17,CH17,CL17,CP17,CT17) -> 0 | FJ17: =SUM($EJ17+$FB17+$FD17) -> 0 | FK17: {=IFERROR(_xlfn.IFS($F17="Senior Staff",$FJ17*1250,$F17="Junior Staff",$FJ17*1000,$F17="Intern",0), "")} | FM17: =($FW17*12*1.3*$FA17)/2080 -> 0 | FN17: =($FW17*12*1.56*$FC17)/2080 -> 0 | FO17: =($FW17*12*2*$FE17)/2080 -> 0 | FP17: =IFERROR(SUM($FM17:$FO17),"") -> 0 | FR17: {=IFERROR(_xlfn.IFS($F17="Senior Staff",3040,$F17="Junior Staff",1500,$F17="Intern",0),"")} | FS17: =SUM(ER17:$EV17) -> 0 | FT17: =SUM($FS17/26*($FV17)) -> 0 | FW17: =IFERROR(30%*$FV17,"") -> 0
EJ18: =COUNTIF($I18:$CV18,EJ$5) -> 0 | EK18: =COUNTIF($I18:$CV18,EK$5) -> 0 | EL18: =COUNTIF($I18:$CV18,EL$5) -> 0 | EM18: =COUNTIF($I18:$CV18,EM$5) -> 0 | EN18: =COUNTIF($I18:$CV18,EN$5) -> 0 | EO18: =COUNTIF($I18:$CV18,EO$5) -> 0 | EP18: =COUNTIF($I18:$CV18,EP$5) -> 0 | EQ18: =COUNTIF($I18:$CV18,EQ$5) -> 0 | ... EX18: =COUNTIF($I18:$CV18,EX$5) -> 0 | EZ18: =COUNTIF($I18:$CV18,EZ$5) -> 0 | FA18: =SUM(L18,P18,T18,X18,AB18,AF18,AJ18,AN18,AR18,AV18,AZ18,BD18,BH18,BL18,BP18,BT18,BX18,CB18,CF18,CJ18,CN18,CR18,CV18) -> 0 | FB18: =COUNTIF($CX18:$DQ18,$FB$5) -> 0 | FC18: =SUM(CY18,DA18,DC18,DE18,DG18,DI18,DK18,DM18,DO18,DQ18) -> 0 | FD18: =COUNTIF($DS18:$EH18,$FD$5) -> 0 | FE18: =SUM(DT18,DV18,DX18,DZ18,EB18,ED18,EF18,EH18) -> 0 | FG18: =SUM($EJ18:$EQ18) -> 0 | FH18: =SUM(J18,N18,R18,V18,Z18,AD18,AH18,AL18,AP18,AT18,AX18,BB18,BF18,BJ18,BN18,BR18,BV18,BZ18,CD18,CH18,CL18,CP18,CT18) -> 0 | FJ18: =SUM($EJ18+$FB18+$FD18) -> 0 | FK18: {=IFERROR(_xlfn.IFS($F18="Senior Staff",$FJ18*1250,$F18="Junior Staff",$FJ18*1000,$F18="Intern",0), "")} | FM18: =($FW18*12*1.3*$FA18)/2080 -> 0 | FN18: =($FW18*12*1.56*$FC18)/2080 -> 0 | FO18: =($FW18*12*2*$FE18)/2080 -> 0 | FP18: =IFERROR(SUM($FM18:$FO18),"") -> 0 | FR18: {=IFERROR(_xlfn.IFS($F18="Senior Staff",3040,$F18="Junior Staff",1500,$F18="Intern",0),"")} | FS18: =SUM(ER18:$EV18) -> 0 | FT18: =SUM($FS18/26*($FV18)) -> 0 | FW18: =IFERROR(30%*$FV18,"") -> 0
... EJ32: =COUNTIF($I32:$CV32,EJ$5) -> 0 | EK32: =COUNTIF($I32:$CV32,EK$5) -> 0 | EL32: =COUNTIF($I32:$CV32,EL$5) -> 0 | EM32: =COUNTIF($I32:$CV32,EM$5) -> 0 | EN32: =COUNTIF($I32:$CV32,EN$5) -> 0 | EO32: =COUNTIF($I32:$CV32,EO$5) -> 0 | EP32: =COUNTIF($I32:$CV32,EP$5) -> 0 | EQ32: =COUNTIF($I32:$CV32,EQ$5) -> 0 | ... EX32: =COUNTIF($I32:$CV32,EX$5) -> 0 | EZ32: =COUNTIF($I32:$CV32,EZ$5) -> 0 | FA32: =SUM(L32,P32,T32,X32,AB32,AF32,AJ32,AN32,AR32,AV32,AZ32,BD32,BH32,BL32,BP32,BT32,BX32,CB32,CF32,CJ32,CN32,CR32,CV32) -> 0 | FB32: =COUNTIF($CX32:$DQ32,$FB$5) -> 0 | FC32: =SUM(CY32,DA32,DC32,DE32,DG32,DI32,DK32,DM32,DO32,DQ32) -> 0 | FD32: =COUNTIF($DS32:$EH32,$FD$5) -> 0 | FE32: =SUM(DT32,DV32,DX32,DZ32,EB32,ED32,EF32,EH32) -> 0 | FG32: =SUM($EJ32:$EQ32) -> 0 | FH32: =SUM(J32,N32,R32,V32,Z32,AD32,AH32,AL32,AP32,AT32,AX32,BB32,BF32,BJ32,BN32,BR32,BV32,BZ32,CD32,CH32,CL32,CP32,CT32) -> 0 | FJ32: =SUM($EJ32+$FB32+$FD32) -> 0 | FK32: {=IFERROR(_xlfn.IFS($F32="Senior Staff",$FJ32*1250,$F32="Junior Staff",$FJ32*1000,$F32="Intern",0), "")} | FM32: =($FW32*12*1.3*$FA32)/2080 -> 0 | FN32: =($FW32*12*1.56*$FC32)/2080 -> 0 | FO32: =($FW32*12*2*$FE32)/2080 -> 0 | FP32: =IFERROR(SUM($FM32:$FO32),"") -> 0 | FR32: {=IFERROR(_xlfn.IFS($F32="Senior Staff",3040,$F32="Junior Staff",1500,$F32="Intern",0),"")} | FS32: =SUM(ER32:$EV32) -> 0 | FT32: =SUM($FS32/26*($FV32)) -> 0 | FW32: =IFERROR(30%*$FV32,"") -> 0

Sheet Payroll Sheet
C1: PAYROLL
A2: S/N | B2: Staff Number | C2: Staff Name (Surname First) | D2: Date of Employment | E2: Job Title | F2: Staff Category | G2: Location | H2: Company (Subsidiary) | I2: Contract Gross Pay | J2: Basic Pay | K2: Overtime Weekday Hours | L2: Overtime Weekend Hours | M2: Overtime Pub_Hol Hours | N2: Overtime Amount | O2: Fixed Overtime | P2: Leave Allowance | Q2: Daily Transport Allowance | R2: Bonus Allowance | S2: Actual Gross Pay | T2: Absenteeism | U2: Penalty | V2: Union Dues | W2: NHF 2.5% * Gross Pay | X2: Staff Advance I.O.U. 1 | Y2: Staff Advance I.O.U. 2 | Z2: Total Deduction | AA2: Net Pay | AB2: Bank Name | AC2: Account Number
A3: 1 | B3: =IF('Attendance Sheet'!$B6="","",'Attendance Sheet'!$B6) | C3: =IF('Attendance Sheet'!$C6="","",'Attendance Sheet'!$C6) | D3: =IF('Attendance Sheet'!$D6="","",'Attendance Sheet'!$D6) | E3: =IF('Attendance Sheet'!$E6="","",'Attendance Sheet'!$E6) | F3: =IF('Attendance Sheet'!$F6="","",'Attendance Sheet'!$F6) | G3: =IF('Attendance Sheet'!$G6="","",'Attendance Sheet'!$G6) | H3: =IF('Attendance Sheet'!$H6="","",'Attendance Sheet'!$H6) | I3: =IFERROR('Attendance Sheet'!$FV6,"") -> 0 | J3: =IFERROR('Attendance Sheet'!$FW6,"") -> 0 | K3: ='Attendance Sheet'!$FA6 -> 0 | L3: ='Attendance Sheet'!$FC6 -> 0 | M3: ='Attendance Sheet'!$FE6 -> 0 | N3: ='Attendance Sheet'!$FP6 -> 0 | Q3: =IFERROR('Attendance Sheet'!$FK6,"") | S3: =SUM(I3,$N3:$R3) -> 0 | T3: ='Attendance Sheet'!$FT6 -> 0 | V3: ='Attendance Sheet'!$FR6 | Z3: =SUM($T3:$Y3) -> 0 | AA3: =IFERROR($S3-$Z3,"") -> 0
A4: 2 | B4: =IF('Attendance Sheet'!$B7="","",'Attendance Sheet'!$B7) | C4: =IF('Attendance Sheet'!$C7="","",'Attendance Sheet'!$C7) | D4: =IF('Attendance Sheet'!$D7="","",'Attendance Sheet'!$D7) | E4: =IF('Attendance Sheet'!$E7="","",'Attendance Sheet'!$E7) | F4: =IF('Attendance Sheet'!$F7="","",'Attendance Sheet'!$F7) | G4: =IF('Attendance Sheet'!$G7="","",'Attendance Sheet'!$G7) | H4: =IF('Attendance Sheet'!$H7="","",'Attendance Sheet'!$H7) | I4: =IFERROR('Attendance Sheet'!$FV7,"") -> 0 | J4: =IFERROR('Attendance Sheet'!$FW7,"") -> 0 | K4: ='Attendance Sheet'!$FA7 -> 0 | L4: ='Attendance Sheet'!$FC7 -> 0 | M4: ='Attendance Sheet'!$FE7 -> 0 | N4: ='Attendance Sheet'!$FP7 -> 0 | Q4: =IFERROR('Attendance Sheet'!$FK7,"") | S4: =SUM(I4,$N4:$R4) -> 0 | T4: ='Attendance Sheet'!$FT7 -> 0 | V4: ='Attendance Sheet'!$FR7 | Z4: =SUM($T4:$Y4) -> 0 | AA4: =IFERROR($S4-$Z4,"") -> 0
A5: 3 | B5: =IF('Attendance Sheet'!$B8="","",'Attendance Sheet'!$B8) | C5: =IF('Attendance Sheet'!$C8="","",'Attendance Sheet'!$C8) | D5: =IF('Attendance Sheet'!$D8="","",'Attendance Sheet'!$D8) | E5: =IF('Attendance Sheet'!$E8="","",'Attendance Sheet'!$E8) | F5: =IF('Attendance Sheet'!$F8="","",'Attendance Sheet'!$F8) | G5: =IF('Attendance Sheet'!$G8="","",'Attendance Sheet'!$G8) | H5: =IF('Attendance Sheet'!$H8="","",'Attendance Sheet'!$H8) | I5: =IFERROR('Attendance Sheet'!$FV8,"") -> 0 | J5: =IFERROR('Attendance Sheet'!$FW8,"") -> 0 | K5: ='Attendance Sheet'!$FA8 -> 0 | L5: ='Attendance Sheet'!$FC8 -> 0 | M5: ='Attendance Sheet'!$FE8 -> 0 | N5: ='Attendance Sheet'!$FP8 -> 0 | Q5: =IFERROR('Attendance Sheet'!$FK8,"") | S5: =SUM(I5,$N5:$R5) -> 0 | T5: ='Attendance Sheet'!$FT8 -> 0 | V5: ='Attendance Sheet'!$FR8 | Z5: =SUM($T5:$Y5) -> 0 | AA5: =IFERROR($S5-$Z5,"") -> 0
A6: 4 | B6: =IF('Attendance Sheet'!$B9="","",'Attendance Sheet'!$B9) | C6: =IF('Attendance Sheet'!$C9="","",'Attendance Sheet'!$C9) | D6: =IF('Attendance Sheet'!$D9="","",'Attendance Sheet'!$D9) | E6: =IF('Attendance Sheet'!$E9="","",'Attendance Sheet'!$E9) | F6: =IF('Attendance Sheet'!$F9="","",'Attendance Sheet'!$F9) | G6: =IF('Attendance Sheet'!$G9="","",'Attendance Sheet'!$G9) | H6: =IF('Attendance Sheet'!$H9="","",'Attendance Sheet'!$H9) | I6: =IFERROR('Attendance Sheet'!$FV9,"") -> 0 | J6: =IFERROR('Attendance Sheet'!$FW9,"") -> 0 | K6: ='Attendance Sheet'!$FA9 -> 0 | L6: ='Attendance Sheet'!$FC9 -> 0 | M6: ='Attendance Sheet'!$FE9 -> 0 | N6: ='Attendance Sheet'!$FP9 -> 0 | S6: =SUM(I6,$N6:$R6) -> 0 | T6: ='Attendance Sheet'!$FT9 -> 0 | V6: ='Attendance Sheet'!$FR9 | Z6: =SUM($T6:$Y6) -> 0 | AA6: =IFERROR($S6-$Z6,"") -> 0
A7: 5 | B7: =IF('Attendance Sheet'!$B10="","",'Attendance Sheet'!$B10) | C7: =IF('Attendance Sheet'!$C10="","",'Attendance Sheet'!$C10) | D7: =IF('Attendance Sheet'!$D10="","",'Attendance Sheet'!$D10) | E7: =IF('Attendance Sheet'!$E10="","",'Attendance Sheet'!$E10) | F7: =IF('Attendance Sheet'!$F10="","",'Attendance Sheet'!$F10) | G7: =IF('Attendance Sheet'!$G10="","",'Attendance Sheet'!$G10) | H7: =IF('Attendance Sheet'!$H10="","",'Attendance Sheet'!$H10) | I7: =IFERROR('Attendance Sheet'!$FV10,"") -> 0 | J7: =IFERROR('Attendance Sheet'!$FW10,"") -> 0 | K7: ='Attendance Sheet'!$FA10 -> 0 | L7: ='Attendance Sheet'!$FC10 -> 0 | M7: ='Attendance Sheet'!$FE10 -> 0 | N7: ='Attendance Sheet'!$FP10 -> 0 | S7: =SUM(I7,$N7:$R7) -> 0 | T7: ='Attendance Sheet'!$FT10 -> 0 | V7: ='Attendance Sheet'!$FR10 | Z7: =SUM($T7:$Y7) -> 0 | AA7: =IFERROR($S7-$Z7,"") -> 0
A8: 6 | B8: =IF('Attendance Sheet'!$B11="","",'Attendance Sheet'!$B11) | C8: =IF('Attendance Sheet'!$C11="","",'Attendance Sheet'!$C11) | D8: =IF('Attendance Sheet'!$D11="","",'Attendance Sheet'!$D11) | E8: =IF('Attendance Sheet'!$E11="","",'Attendance Sheet'!$E11) | F8: =IF('Attendance Sheet'!$F11="","",'Attendance Sheet'!$F11) | G8: =IF('Attendance Sheet'!$G11="","",'Attendance Sheet'!$G11) | H8: =IF('Attendance Sheet'!$H11="","",'Attendance Sheet'!$H11) | I8: =IFERROR('Attendance Sheet'!$FV11,"") -> 0 | J8: =IFERROR('Attendance Sheet'!$FW11,"") -> 0 | K8: ='Attendance Sheet'!$FA11 -> 0 | L8: ='Attendance Sheet'!$FC11 -> 0 | M8: ='Attendance Sheet'!$FE11 -> 0 | N8: ='Attendance Sheet'!$FP11 -> 0 | S8: =SUM(I8,$N8:$R8) -> 0 | T8: ='Attendance Sheet'!$FT11 -> 0 | V8: ='Attendance Sheet'!$FR11 | Z8: =SUM($T8:$Y8) -> 0 | AA8: =IFERROR($S8-$Z8,"") -> 0
A9: 7 | B9: =IF('Attendance Sheet'!$B12="","",'Attendance Sheet'!$B12) | C9: =IF('Attendance Sheet'!$C12="","",'Attendance Sheet'!$C12) | D9: =IF('Attendance Sheet'!$D12="","",'Attendance Sheet'!$D12) | E9: =IF('Attendance Sheet'!$E12="","",'Attendance Sheet'!$E12) | F9: =IF('Attendance Sheet'!$F12="","",'Attendance Sheet'!$F12) | G9: =IF('Attendance Sheet'!$G12="","",'Attendance Sheet'!$G12) | H9: =IF('Attendance Sheet'!$H12="","",'Attendance Sheet'!$H12) | I9: =IFERROR('Attendance Sheet'!$FV12,"") -> 0 | J9: =IFERROR('Attendance Sheet'!$FW12,"") -> 0 | K9: ='Attendance Sheet'!$FA12 -> 0 | L9: ='Attendance Sheet'!$FC12 -> 0 | M9: ='Attendance Sheet'!$FE12 -> 0 | N9: ='Attendance Sheet'!$FP12 -> 0 | S9: =SUM(I9,$N9:$R9) -> 0 | T9: ='Attendance Sheet'!$FT12 -> 0 | V9: ='Attendance Sheet'!$FR12 | Z9: =SUM($T9:$Y9) -> 0 | AA9: =IFERROR($S9-$Z9,"") -> 0
A10: 8 | B10: =IF('Attendance Sheet'!$B13="","",'Attendance Sheet'!$B13) | C10: =IF('Attendance Sheet'!$C13="","",'Attendance Sheet'!$C13) | D10: =IF('Attendance Sheet'!$D13="","",'Attendance Sheet'!$D13) | E10: =IF('Attendance Sheet'!$E13="","",'Attendance Sheet'!$E13) | F10: =IF('Attendance Sheet'!$F13="","",'Attendance Sheet'!$F13) | G10: =IF('Attendance Sheet'!$G13="","",'Attendance Sheet'!$G13) | H10: =IF('Attendance Sheet'!$H13="","",'Attendance Sheet'!$H13) | I10: =IFERROR('Attendance Sheet'!$FV13,"") -> 0 | J10: =IFERROR('Attendance Sheet'!$FW13,"") -> 0 | K10: ='Attendance Sheet'!$FA13 -> 0 | L10: ='Attendance Sheet'!$FC13 -> 0 | M10: ='Attendance Sheet'!$FE13 -> 0 | N10: ='Attendance Sheet'!$FP13 -> 0 | S10: =SUM(I10,$N10:$R10) -> 0 | T10: ='Attendance Sheet'!$FT13 -> 0 | V10: ='Attendance Sheet'!$FR13 | Z10: =SUM($T10:$Y10) -> 0 | AA10: =IFERROR($S10-$Z10,"") -> 0
A11: 9 | B11: =IF('Attendance Sheet'!$B14="","",'Attendance Sheet'!$B14) | C11: =IF('Attendance Sheet'!$C14="","",'Attendance Sheet'!$C14) | D11: =IF('Attendance Sheet'!$D14="","",'Attendance Sheet'!$D14) | E11: =IF('Attendance Sheet'!$E14="","",'Attendance Sheet'!$E14) | F11: =IF('Attendance Sheet'!$F14="","",'Attendance Sheet'!$F14) | G11: =IF('Attendance Sheet'!$G14="","",'Attendance Sheet'!$G14) | H11: =IF('Attendance Sheet'!$H14="","",'Attendance Sheet'!$H14) | I11: =IFERROR('Attendance Sheet'!$FV14,"") -> 0 | J11: =IFERROR('Attendance Sheet'!$FW14,"") -> 0 | K11: ='Attendance Sheet'!$FA14 -> 0 | L11: ='Attendance Sheet'!$FC14 -> 0 | M11: ='Attendance Sheet'!$FE14 -> 0 | N11: ='Attendance Sheet'!$FP14 -> 0 | S11: =SUM(I11,$N11:$R11) -> 0 | T11: ='Attendance Sheet'!$FT14 -> 0 | V11: ='Attendance Sheet'!$FR14 | Z11: =SUM($T11:$Y11) -> 0 | AA11: =IFERROR($S11-$Z11,"") -> 0
A12: 11 | B12: =IF('Attendance Sheet'!$B15="","",'Attendance Sheet'!$B15) | C12: =IF('Attendance Sheet'!$C15="","",'Attendance Sheet'!$C15) | D12: =IF('Attendance Sheet'!$D15="","",'Attendance Sheet'!$D15) | E12: =IF('Attendance Sheet'!$E15="","",'Attendance Sheet'!$E15) | F12: =IF('Attendance Sheet'!$F15="","",'Attendance Sheet'!$F15) | G12: =IF('Attendance Sheet'!$G15="","",'Attendance Sheet'!$G15) | H12: =IF('Attendance Sheet'!$H15="","",'Attendance Sheet'!$H15) | I12: =IFERROR('Attendance Sheet'!$FV15,"") -> 0 | J12: =IFERROR('Attendance Sheet'!$FW15,"") -> 0 | K12: ='Attendance Sheet'!$FA15 -> 0 | L12: ='Attendance Sheet'!$FC15 -> 0 | M12: ='Attendance Sheet'!$FE15 -> 0 | N12: ='Attendance Sheet'!$FP15 -> 0 | S12: =SUM(I12,$N12:$R12) -> 0 | T12: ='Attendance Sheet'!$FT15 -> 0 | V12: ='Attendance Sheet'!$FR15 | Z12: =SUM($T12:$Y12) -> 0 | AA12: =IFERROR($S12-$Z12,"") -> 0
A13: 12 | B13: =IF('Attendance Sheet'!$B16="","",'Attendance Sheet'!$B16) | C13: =IF('Attendance Sheet'!$C16="","",'Attendance Sheet'!$C16) | D13: =IF('Attendance Sheet'!$D16="","",'Attendance Sheet'!$D16) | E13: =IF('Attendance Sheet'!$E16="","",'Attendance Sheet'!$E16) | F13: =IF('Attendance Sheet'!$F16="","",'Attendance Sheet'!$F16) | G13: =IF('Attendance Sheet'!$G16="","",'Attendance Sheet'!$G16) | H13: =IF('Attendance Sheet'!$H16="","",'Attendance Sheet'!$H16) | I13: =IFERROR('Attendance Sheet'!$FV16,"") -> 0 | J13: =IFERROR('Attendance Sheet'!$FW16,"") -> 0 | K13: ='Attendance Sheet'!$FA16 -> 0 | L13: ='Attendance Sheet'!$FC16 -> 0 | M13: ='Attendance Sheet'!$FE16 -> 0 | N13: ='Attendance Sheet'!$FP16 -> 0 | S13: =SUM(I13,$N13:$R13) -> 0 | T13: ='Attendance Sheet'!$FT16 -> 0 | V13: ='Attendance Sheet'!$FR16 | Z13: =SUM($T13:$Y13) -> 0 | AA13: =IFERROR($S13-$Z13,"") -> 0
A14: 13 | B14: =IF('Attendance Sheet'!$B17="","",'Attendance Sheet'!$B17) | C14: =IF('Attendance Sheet'!$C17="","",'Attendance Sheet'!$C17) | D14: =IF('Attendance Sheet'!$D17="","",'Attendance Sheet'!$D17) | E14: =IF('Attendance Sheet'!$E17="","",'Attendance Sheet'!$E17) | F14: =IF('Attendance Sheet'!$F17="","",'Attendance Sheet'!$F17) | G14: =IF('Attendance Sheet'!$G17="","",'Attendance Sheet'!$G17) | H14: =IF('Attendance Sheet'!$H17="","",'Attendance Sheet'!$H17) | I14: =IFERROR('Attendance Sheet'!$FV17,"") -> 0 | J14: =IFERROR('Attendance Sheet'!$FW17,"") -> 0 | K14: ='Attendance Sheet'!$FA17 -> 0 | L14: ='Attendance Sheet'!$FC17 -> 0 | M14: ='Attendance Sheet'!$FE17 -> 0 | N14: ='Attendance Sheet'!$FP17 -> 0 | S14: =SUM(I14,$N14:$R14) -> 0 | T14: ='Attendance Sheet'!$FT17 -> 0 | V14: ='Attendance Sheet'!$FR17 | Z14: =SUM($T14:$Y14) -> 0 | AA14: =IFERROR($S14-$Z14,"") -> 0
A15: 14 | B15: =IF('Attendance Sheet'!$B18="","",'Attendance Sheet'!$B18) | C15: =IF('Attendance Sheet'!$C18="","",'Attendance Sheet'!$C18) | D15: =IF('Attendance Sheet'!$D18="","",'Attendance Sheet'!$D18) | E15: =IF('Attendance Sheet'!$E18="","",'Attendance Sheet'!$E18) | F15: =IF('Attendance Sheet'!$F18="","",'Attendance Sheet'!$F18) | G15: =IF('Attendance Sheet'!$G18="","",'Attendance Sheet'!$G18) | H15: =IF('Attendance Sheet'!$H18="","",'Attendance Sheet'!$H18) | I15: =IFERROR('Attendance Sheet'!$FV18,"") -> 0 | J15: =IFERROR('Attendance Sheet'!$FW18,"") -> 0 | K15: ='Attendance Sheet'!$FA18 -> 0 | L15: ='Attendance Sheet'!$FC18 -> 0 | M15: ='Attendance Sheet'!$FE18 -> 0 | N15: ='Attendance Sheet'!$FP18 -> 0 | S15: =SUM(I15,$N15:$R15) -> 0 | T15: ='Attendance Sheet'!$FT18 -> 0 | V15: ='Attendance Sheet'!$FR18 | Z15: =SUM($T15:$Y15) -> 0 | AA15: =IFERROR($S15-$Z15,"") -> 0
A16: 15 | B16: =IF('Attendance Sheet'!$B19="","",'Attendance Sheet'!$B19) | C16: =IF('Attendance Sheet'!$C19="","",'Attendance Sheet'!$C19) | D16: =IF('Attendance Sheet'!$D19="","",'Attendance Sheet'!$D19) | E16: =IF('Attendance Sheet'!$E19="","",'Attendance Sheet'!$E19) | F16: =IF('Attendance Sheet'!$F19="","",'Attendance Sheet'!$F19) | G16: =IF('Attendance Sheet'!$G19="","",'Attendance Sheet'!$G19) | H16: =IF('Attendance Sheet'!$H19="","",'Attendance Sheet'!$H19) | I16: =IFERROR('Attendance Sheet'!$FV19,"") -> 0 | J16: =IFERROR('Attendance Sheet'!$FW19,"") -> 0 | K16: ='Attendance Sheet'!$FA19 -> 0 | L16: ='Attendance Sheet'!$FC19 -> 0 | M16: ='Attendance Sheet'!$FE19 -> 0 | N16: ='Attendance Sheet'!$FP19 -> 0 | S16: =SUM(I16,$N16:$R16) -> 0 | T16: ='Attendance Sheet'!$FT19 -> 0 | V16: ='Attendance Sheet'!$FR19 | Z16: =SUM($T16:$Y16) -> 0 | AA16: =IFERROR($S16-$Z16,"") -> 0
A17: 16 | B17: =IF('Attendance Sheet'!$B20="","",'Attendance Sheet'!$B20) | C17: =IF('Attendance Sheet'!$C20="","",'Attendance Sheet'!$C20) | D17: =IF('Attendance Sheet'!$D20="","",'Attendance Sheet'!$D20) | E17: =IF('Attendance Sheet'!$E20="","",'Attendance Sheet'!$E20) | F17: =IF('Attendance Sheet'!$F20="","",'Attendance Sheet'!$F20) | G17: =IF('Attendance Sheet'!$G20="","",'Attendance Sheet'!$G20) | H17: =IF('Attendance Sheet'!$H20="","",'Attendance Sheet'!$H20) | I17: =IFERROR('Attendance Sheet'!$FV20,"") -> 0 | J17: =IFERROR('Attendance Sheet'!$FW20,"") -> 0 | K17: ='Attendance Sheet'!$FA20 -> 0 | L17: ='Attendance Sheet'!$FC20 -> 0 | M17: ='Attendance Sheet'!$FE20 -> 0 | N17: ='Attendance Sheet'!$FP20 -> 0 | S17: =SUM(I17,$N17:$R17) -> 0 | T17: ='Attendance Sheet'!$FT20 -> 0 | V17: ='Attendance Sheet'!$FR20 | Z17: =SUM($T17:$Y17) -> 0 | AA17: =IFERROR($S17-$Z17,"") -> 0
... A28: 27 | B28: =IF('Attendance Sheet'!$B31="","",'Attendance Sheet'!$B31) | C28: =IF('Attendance Sheet'!$C31="","",'Attendance Sheet'!$C31) | D28: =IF('Attendance Sheet'!$D31="","",'Attendance Sheet'!$D31) | E28: =IF('Attendance Sheet'!$E31="","",'Attendance Sheet'!$E31) | F28: =IF('Attendance Sheet'!$F31="","",'Attendance Sheet'!$F31) | G28: =IF('Attendance Sheet'!$G31="","",'Attendance Sheet'!$G31) | H28: =IF('Attendance Sheet'!$H31="","",'Attendance Sheet'!$H31) | I28: =IFERROR('Attendance Sheet'!$FV31,"") -> 0 | J28: =IFERROR('Attendance Sheet'!$FW31,"") -> 0 | K28: ='Attendance Sheet'!$FA31 -> 0 | L28: ='Attendance Sheet'!$FC31 -> 0 | M28: ='Attendance Sheet'!$FE31 -> 0 | N28: ='Attendance Sheet'!$FP31 -> 0 | S28: =SUM(I28,$N28:$R28) -> 0 | T28: ='Attendance Sheet'!$FT31 -> 0 | V28: ='Attendance Sheet'!$FR31 | Z28: =SUM($T28:$Y28) -> 0 | AA28: =IFERROR($S28-$Z28,"") -> 0
A29: 28 | B29: =IF('Attendance Sheet'!$B32="","",'Attendance Sheet'!$B32) | C29: =IF('Attendance Sheet'!$C32="","",'Attendance Sheet'!$C32) | D29: =IF('Attendance Sheet'!$D32="","",'Attendance Sheet'!$D32) | E29: =IF('Attendance Sheet'!$E32="","",'Attendance Sheet'!$E32) | F29: =IF('Attendance Sheet'!$F32="","",'Attendance Sheet'!$F32) | G29: =IF('Attendance Sheet'!$G32="","",'Attendance Sheet'!$G32) | H29: =IF('Attendance Sheet'!$H32="","",'Attendance Sheet'!$H32) | I29: =IFERROR('Attendance Sheet'!$FV32,"") -> 0 | J29: =IFERROR('Attendance Sheet'!$FW32,"") -> 0 | K29: ='Attendance Sheet'!$FA32 -> 0 | L29: ='Attendance Sheet'!$FC32 -> 0 | M29: ='Attendance Sheet'!$FE32 -> 0 | N29: ='Attendance Sheet'!$FP32 -> 0 | Q29: =IFERROR('Attendance Sheet'!$FK32,"") | S29: =SUM(I29,$N29:$R29) -> 0 | T29: ='Attendance Sheet'!$FT32 -> 0 | V29: ='Attendance Sheet'!$FR32 | Z29: =SUM($T29:$Y29) -> 0 | AA29: =IFERROR($S29-$Z29,"") -> 0

Sheet Sheet1
A1: List of Banks
A2: Access Bank
A3: Ecobank
A4: Fidelity Bank
A5: First Bank Of Nigeria
A6: First City Monument Bank
A7: GTbank Plc
A8: Keystone Bank
A9: Kuda MFB
A10: Lotus Bank
A11: Moniepoint
A12: Opay
... A21: Zenith Bank
